PRE-HISTORIC KLIS CATEGORY,Grandparent V#,HISTORIC KLIS CATEGORY,Parent V#,KLIS item name,V#,A#,ALM item name,Parent A#,HISTORIC ALM CATEGORY,Material Composition,EPA DIVISION,Smoking related,CDS,PBs,Refine Classification,Takeaway related,Snacks related,Plastic Plan related
,,,,PL Cigarette Butts,17,1,PL Cigarette Butts,,,Plastics,"Smoking, vaping and packaging",Cigarette related,Non,,Plastic Refined,,,
,,,,PL Cigarette Lighters,18,17,PL Cigarette Lighters,,,Plastics,"Smoking, vaping and packaging",Cigarette related,Non,,Plastic Refined,,,
,,,,PL Tobacco Pouches,246,44,PL Tobacco Pouches,,,Plastics,"Smoking, vaping and packaging",Cigarette related,Non,,Plastic Refined,,,
,,,,PL Cigarette Packet Cellophane,247,18,PL Cigarette Packet Cellophane,,,Plastics,"Smoking, vaping and packaging",Cigarette related,Non,,Plastic Refined,,,
,,,NEW @ S?,PL SU Vapes,271,46,PL SU Vapes,,,Plastics,"Smoking, vaping and packaging",Vape related,Non,,Plastic Refined,,,
,,,NEW @ S?,PL Vape Packaging,272,241,PL Vape Packaging,,,Plastics,"Smoking, vaping and packaging",Vape related,Non,,Plastic Refined,,,
,,,,PL Lollipop Sticks,19,29,PL Lollipop Sticks,,,Plastics,Snacks/Confect.,,Non,,Plastic Refined,,Snacks/Confect.,Future
,,,,PL Confect. & Snack Packaging,63,24,PL Confect. & Snack Packaging,,,Plastics,Snacks/Confect.,,Non,,Plastic Refined,,Snacks/Confect.,
,,,,PL Cable Ties,113,16,PL Cable Ties,,,Plastics,Miscellaneous Plastic ,,Non,,Plastic Refined,,,
,,,,PL Tape,130,43,PL Tape,,,Plastics,Miscellaneous Plastic ,,Non,,Plastic Refined,,,
,,,,PL Cotton Buds,144,19,PL Cotton Buds,,,Plastics,"Personal effects, care and hygiene",,Non,,Plastic Refined,,,Ban 2
,,,,PL Strapping Band Remnants,67,38,PL Strapping Bands & Remnants,,,Plastics,Miscellaneous Plastic ,,Non,,Plastic Refined,,,
,,,,PL Strapping Bands (whole),68,,,,,Plastics,Miscellaneous Plastic ,,Non,,Plastic Refined,,,
,,,,"H PL Toys, Balloon String, Party items",26,,,,,Plastics,Miscellaneous Plastic ,,Non,,Plastic Refined,,,Future Partial (balloon clips/ties/sticks)
,,,,"PL Toys, Balloon String, Party items",2601,45,"PL Toys, Balloon String, Party items",,,Plastics,Miscellaneous Plastic ,,Non,,Plastic Refined,,,Future Partial (balloon clips/ties/sticks)
,,,NEW @ S?,PL Balloons,283,22201,PL Balloons,222,OT Balloons,Plastics,Miscellaneous Plastic ,,Non,,Plastic Refined,,,Future (ban on release)
,,,NEW @ S?,PL Event Bracelets,322,4702,PL Event Bracelets,47,PL Other,Plastics,Miscellaneous Plastic ,,Non,,Plastic Refined,,,
,,,,PL SU Cups,21,20,PL SU Cups,,,Plastics,Takeaway,,Non,,Plastic Refined,Takeaway,,Future
,,,,PL SU Plates & Bowls,22,33,PL SU Plates & Bowls,,,Plastics,Takeaway,,Non,,Plastic Refined,Takeaway,,Ban 2
,,PL Spoons & Cutlery,23,PL Spoons & Cutlery,23,22,PL Spoons & Cutlery,,,Plastics,Takeaway,,Non,,Plastic Refined,Takeaway,,Ban 2
,,,,PL Stirrers,276,39,PL Stirrers,,,Plastics,Takeaway,,Non,,Plastic Refined,Takeaway,,Ban 2
,,,,PL Straws,24,40,PL Straws,,,Plastics,Takeaway,,Non,,Plastic Refined,Takeaway,,Ban 2
,,,NEW @ S?,PL Reusable Cups,291,21,PL Reusable Cups,,,Plastics,Miscellaneous Plastic ,,Non,,Plastic Refined,,,Substitute
,,,NEW @ S?,PL Reusable Plates & Bowls,293,34,PL Reusable Plates & Bowls,,,Plastics,Miscellaneous Plastic ,,Non,,Plastic Refined,,,Substitute
,,,,PL Non-Food Bottles,37,30,PL Non-Food Bottles,,,Plastics,Miscellaneous Plastic ,,Non,,Plastic Refined,,,
,,,,PL Pens & Stationary,20,4736,PL Pens & Stationary,47,PL Other,Plastics,Miscellaneous Plastic ,,Non,,Plastic Refined,,,
,,,,PL Tooth & Hairbrushes,25,4701,PL Tooth & Hairbrushes,,,Plastics,Miscellaneous Plastic ,,Non,,Plastic Refined,,,
,,,,PL Pegs/Household Items,27,4703,PL Pegs/Household Items,,,Plastics,Miscellaneous Plastic ,,Non,,Plastic Refined,,,
,,,,PL Ceremonial & Artif. plants,28,4704,PL Ceremonial & Artif. Plants,,,Plastics,Miscellaneous Plastic ,,Non,,Plastic Refined,,,
,,,,PL Drug Items,30,4706,PL Drug Items,,,Plastics,Miscellaneous Plastic ,,Non,,Plastic Refined,,,
,,,,PL First Aid Items,35,4711,PL First Aid Items,,,Plastics,Miscellaneous Plastic ,,Non,,Plastic Refined,,,
,,,,PL Bleach & Cleaner Bottles,36,4712,PL Bleach & Cleaner Bottles,,,Plastics,Miscellaneous Plastic ,,Non,,Plastic Refined,,,
,,,,PL Personal Care Bottles,38,4713,PL Personal Care Bottles,,,Plastics,Miscellaneous Plastic ,,Non,,Plastic Refined,,,
,,,,H PL Gardening,32,,,,,Plastics,Miscellaneous Plastic ,,Non,,Plastic Refined,,,
,,,,PL Other Gardening Items,270,4708,PL Other Gardening Items,,,Plastics,Miscellaneous Plastic ,,Non,,Plastic Refined,,,
,,,,PL Whipper Snipper cord,269,244,PL Whipper Snipper cord,,,Other,Miscellaneous other material ,,Non,,Plastic Refined,,,
,,,,PL Drink Pouches (all sizes),40,48,PL Drink Pouches (<150mL),,,Plastics,Non-CDS beverage container ,,Beverage Container - Non CDS,,Plastic Refined,,,
,,,,,,49,PL Drink Pouches (150-499mL),,,Plastics,Non-CDS beverage container ,,Beverage Container - Non CDS,,Plastic Refined,,,
,,,,,,50,PL Drink Pouches (500-999mL),,,Plastics,Non-CDS beverage container ,,Beverage Container - Non CDS,,Plastic Refined,,,
,,,,,,51,PL Drink Pouches (1000- 3000ml),,,Plastics,Non-CDS beverage container ,,Beverage Container - Non CDS,,Plastic Refined,,,
,,,,,,52,PL Drink Pouches (>3000mL),,,Plastics,Non-CDS beverage container ,,Beverage Container - Non CDS,,Plastic Refined,,,
,,,,PL Flavoured Milk Bottles (<1L),41,53,PL Flavoured Milk Bottles (<150mL),,,Plastics,CDS beverage container ,,Beverage Container - CDS,,Plastic Refined,,,
,,,,,,54,PL Flavoured Milk Bottles (150-499mL),,,Plastics,CDS beverage container ,,Beverage Container - CDS,,Plastic Refined,,,
,,,,,,55,PL Flavoured Milk Bottles (500-999mL),,,Plastics,CDS beverage container ,,Beverage Container - CDS,,Plastic Refined,,,
,,,,PL Flavoured Milk Bottles (1L+),42,56,PL Flavoured Milk Bottles (1000- 3000ml),,,Plastics,Non-CDS beverage container ,,Beverage Container - Non CDS,,Plastic Refined,,,
,,,,,,57,PL Flavoured Milk Bottles (>3000mL),,,Plastics,Non-CDS beverage container ,,Beverage Container - Non CDS,,Plastic Refined,,,
,,,,PL FW/FJD/SpD Non-carb. Beverage Bottles (<1L),43,257,PL FW/FJD/SpD Non-carb. Beverage Bottles (<150mL),,,Plastics,CDS beverage container ,,Beverage Container - CDS,,Plastic Refined,,,
,,,,,,258,PL FW/FJD/SpD Non-carb. Beverage Bottles (150-499mL),,,Plastics,CDS beverage container ,,Beverage Container - CDS,,Plastic Refined,,,
,,,,,,259,PL FW/FJD/SpD Non-carb. Beverage Bottles (500-999mL),,,Plastics,CDS beverage container ,,Beverage Container - CDS,,Plastic Refined,,,
,,,,PL FW/FJD/SpD Non-carb. Beverage Bottles (1L+),44,260,PL FW/FJD/SpD Non-carb. Beverage Bottles (1000- 3000ml),,,Plastics,CDS beverage container ,,Beverage Container - CDS,,Plastic Refined,,,
,,,,,,261,PL FW/FJD/SpD Non-carb. Beverage Bottles (>3000mL),,,Plastics,CDS beverage container ,,Beverage Container - CDS,,Plastic Refined,,,
,,,,PL FW/SftD Carb. Beverage Bottles (<1L),46,58,PL FW/SftD Carb. Beverage Bottles (<150mL),,,Plastics,CDS beverage container ,,Beverage Container - CDS,,Plastic Refined,,,
,,,,,,59,PL FW/SftD Carb. Beverage Bottles (150-499mL),,,Plastics,CDS beverage container ,,Beverage Container - CDS,,Plastic Refined,,,
,,,,,,60,PL FW/SftD Carb. Beverage Bottles (500-999mL),,,Plastics,CDS beverage container ,,Beverage Container - CDS,,Plastic Refined,,,
,,,,PL FW/SftD Carb. Beverage Bottles (1L+),45,61,PL FW/SftD Carb. Beverage Bottles (1000- 3000ml),,,Plastics,CDS beverage container ,,Beverage Container - CDS,,Plastic Refined,,,
,,,,,,62,PL FW/SftD Carb. Beverage Bottles (>3000mL),,,Plastics,CDS beverage container ,,Beverage Container - CDS,,Plastic Refined,,,
,,,,PL Fruit Juice Bottles (<1L),47,63,PL Fruit Juice Bottles (<150mL),,,Plastics,CDS beverage container ,,Beverage Container - CDS,,Plastic Refined,,,
,,,,,,64,PL Fruit Juice Bottles (150-499mL),,,Plastics,CDS beverage container ,,Beverage Container - CDS,,Plastic Refined,,,
,,,,,,65,PL Fruit Juice Bottles (500-999mL),,,Plastics,CDS beverage container ,,Beverage Container - CDS,,Plastic Refined,,,
,,,,PL Fruit Juice Bottles (1L+),48,66,PL Fruit Juice Bottles (1000- 3000ml),,,Plastics,Non-CDS beverage container ,,Beverage Container - Non CDS,,Plastic Refined,,,
,,,,,,67,PL Fruit Juice Bottles (>3000mL),,,Plastics,Non-CDS beverage container ,,Beverage Container - Non CDS,,Plastic Refined,,,
,,,,PL Water Bottles (<1L),49,68,PL Water Bottles (<150mL),,,Plastics,CDS beverage container ,,Beverage Container - CDS,,Plastic Refined,,,
,,,,,,69,PL Water Bottles (150-499mL),,,Plastics,CDS beverage container ,,Beverage Container - CDS,,Plastic Refined,,,
,,,,,,70,PL Water Bottles (500-999mL),,,Plastics,CDS beverage container ,,Beverage Container - CDS,,Plastic Refined,,,
,,,,PL Water Bottles (1L+),50,71,PL Water Bottles (1000- 3000ml),,,Plastics,CDS beverage container ,,Beverage Container - CDS,,Plastic Refined,,,
,,,,,,72,PL Water Bottles (>3000mL),,,Plastics,CDS beverage container ,,Beverage Container - CDS,,Plastic Refined,,,
,,,,PL White Milk Bottles (all sizes),51,73,PL White Milk Bottles (<150mL),,,Plastics,Non-CDS beverage container ,,Beverage Container - Non CDS,,Plastic Refined,,,
,,,,,,74,PL White Milk Bottles (150-499mL),,,Plastics,Non-CDS beverage container ,,Beverage Container - Non CDS,,Plastic Refined,,,
,,,,,,75,PL White Milk Bottles (500-999mL),,,Plastics,Non-CDS beverage container ,,Beverage Container - Non CDS,,Plastic Refined,,,
,,,,,,76,PL White Milk Bottles (1000- 3000ml),,,Plastics,Non-CDS beverage container ,,Beverage Container - Non CDS,,Plastic Refined,,,
,,,,,,77,PL White Milk Bottles (>3000mL),,,Plastics,Non-CDS beverage container ,,Beverage Container - Non CDS,,Plastic Refined,,,
,,,,PL Six Pack Rings,73,37,PL Six Pack Rings,,,Plastics,Miscellaneous Plastic ,,Beverage related,,Plastic Refined,,,
,,,,PL Wine Bladders (all sizes),195,109,PL Wine Bladders (<150mL),,,Plastics,Non-CDS beverage container ,,Beverage Container - Non CDS,,Plastic Refined,,,
,,,,,,110,PL Wine Bladders (150-499mL),,,Plastics,Non-CDS beverage container ,,Beverage Container - Non CDS,,Plastic Refined,,,
,,,,,,111,PL Wine Bladders (500-999mL),,,Plastics,Non-CDS beverage container ,,Beverage Container - Non CDS,,Plastic Refined,,,
,,,,,,112,PL Wine Bladders (1000- 3000ml),,,Plastics,Non-CDS beverage container ,,Beverage Container - Non CDS,,Plastic Refined,,,
,,,,,,113,PL Wine Bladders (>3000mL),,,Plastics,Non-CDS beverage container ,,Beverage Container - Non CDS,,Plastic Refined,,,
,,,NEW @ S?,PL Other Alcoholic Beverages (all sizes),336,270,PL Other Alcoholic Beverages (all sizes),,,Plastics,Non-CDS beverage container ,,Beverage Container - Non CDS,,Plastic Refined,,,
,,,,PL White Shop Bags,52,11,PL White Shop Bags,,,Plastics,Check out plastic bags,,Non,SUPB,Plastic Refined,,,Ban 1
,,,,PL Blue Shop Bags,53,9,PL Blue Shop Bags,,,Plastics,Check out plastic bags,,Non,SUPB,Plastic Refined,,,Ban 1
,,,,PL Grey Shop Bags,54,10,PL Grey Shop Bags,,,Plastics,Check out plastic bags,,Non,SUPB,Plastic Refined,,,Ban 1
,,,,PL Fruit/Veg Bags,55,3,PL Fruit/Veg Bags,,,Plastics,Check out plastic bags,,Non,SUPB,Plastic Refined,,,
,,,,"PL Reusable Vinyl, Woven, Cooler Bags",57,4,"PL Reusable Vinyl, Woven, Cooler Bags",,,Plastics,Check out plastic bags,,Non,HPB,Plastic Refined,,,Substitute
,,,,PL Ziplock Bags,58,12,PL Ziplock BagS,,,Plastics,Other plastic bags ,,Non,SUPB,Plastic Refined,,,
,,,,PL Dog Poo Bags,59,2,PL Dog Poo Bags,,,Plastics,Other plastic bags ,,Non,SUPB,Plastic Refined,,,
,,,,PL Ice Bags,60,7,PL Ice Bags,,,Plastics,Other plastic bags ,,Non,SUPB,Plastic Refined,,,
,,,NEW @ S?,PL Bags Labelled Degradable,277,1401,PL Bags Labelled Degradable,14 & 8,PL Other Plastic Bags & PL Lightweight Shop Bags,Plastics,Other plastic bags ,,Non,OPB,Plastic Refined,,,Substitute
,,,,PL Other Plastic Bags,61,1400,PL All Other Plastic Bags,,,Plastics,Other plastic bags ,,Non,OPB,Plastic Refined,,,
,,,,,,,,,,Plastics,Other plastic bags ,,Non,OPB,Plastic Refined,,,
,,,,PL Mesh Bags,62,13,PL Mesh Bags,,,Plastics,Other plastic bags ,,Non,SUPB,Plastic Refined,,,
,,PL Boutique Bag,56,PL Heavy 15c Supermarket Bags,253,6,PL Heavy 15c Supermarket Bags,,,Plastics,Check out plastic bags,,Non,HPB,Plastic Refined,,,Substitute
,,,,PL Other Heavy Boutique Bags,254,5,PL Other Heavy Boutique Bags,,,Plastics,Check out plastic bags,,Non,HPB,Plastic Refined,,,
,,,,H PL Wrap (non-food) ,70,,,,,Plastics,Miscellaneous Plastic ,,Non,,Plastic Refined,,,Future
,,,,PL Fruit/Food Stickers,275,36,PL Fruit/Food Stickers,,,Plastics,Miscellaneous Plastic ,,Non,,Plastic Refined,,,Future
,,,,PL Wrap (non-food) & Stickers,7001,35,PL Wrap (non-food) & Stickers,,,Plastics,Miscellaneous Plastic ,,Non,,Plastic Refined,,,
,,,,PL Beverage Bottle Labels,281,4716,PL Beverage Bottle Labels,47,PL Other,Plastics,Miscellaneous Plastic ,,Beverage related,,Plastic Refined,,,
,,,,PL Take Away Items,64,42,PL Take Away Items,,,Plastics,Takeaway,,Non,,Plastic Refined,Takeaway,,Ban 2
,,,,PL Other Food Package Items,65,32,PL Other Food Package Items,,,Plastics,Takeaway,,Non,,Plastic Refined,Takeaway,,
,,,,PL Bread Bag Tags,71,15,PL Bread Bag Tags,,,Plastics,Miscellaneous Plastic ,,Non,,Plastic Refined,,,Future
PL Lids & Bottle tops,66,PL Beverage Container Lids,255,PL Beverage Container Lids,255,25,PL Beverage Container Lids,,,Plastics,Takeaway,,Beverage Lid,,Plastic Refined,Takeaway,,
,,PL Plastic Cup Lids,256,PL Plastic Cup Lids,256,26,PL Plastic Cup Lids,,,Plastics,Takeaway,,Beverage Lid,,Plastic Refined,Takeaway,,
,,PL Coffee Cup Lids (no cup),257,PL Coffee Cup Lids (no cup),257,27,PL Coffee Cup Lids (no cup),,,Plastics,Takeaway,,Beverage Lid,,Plastic Refined,Takeaway,,
,,PL Other Plastic Lids,258,PL Other Plastic Lids,258,28,PL Other Plastic Lids,,,Plastics,Miscellaneous Plastic ,,Non,,Plastic Refined,,,
,,,,PL SU Vape Silicon Lids ,280,255,PL SU Vape Silicon Lids ,,,Plastics,"Smoking, vaping and packaging",Vape related,Non,,Plastic Refined,,,
,,,NEW @ S?,PL Non-Food Packaging Items,292,31,PL Non-Food Packaging Items,,,Plastics,Miscellaneous Plastic ,,Non,,Plastic Refined,,,
,,,,PL Rope & Net Scrap < 1m,89,23701,PL All Rope & String (count of pieces),237,OT Rope & String,Plastics,Miscellaneous Plastic ,,Non,,Plastic Refined,,,
,,,,PL Rope (count of pieces >1m),250,,,,,Plastics,Miscellaneous Plastic ,,Non,,Plastic Refined,,,
,,,,PL Handles/Reels,72,2301,PL Handles/Reels,23,PL Fishing,Plastics,Fishing,,Non,,Plastic Refined,,,
,,,,PL Bait Bags,75,2302,PL Bait Bags,,,Plastics,Fishing,,Non,,Plastic Refined,,,
,,,,PL Tackle Packaging,76,2303,PL Tackle Packaging,,,Plastics,Fishing,,Non,,Plastic Refined,,,
,,,,PL Bait Containers & Lids,77,2304,PL Bait Containers & Lids,,,Plastics,Fishing,,Non,,Plastic Refined,,,
,,,,PL Crates,78,2318,PL Crates,,,Plastics,Fishing,,Non,,Plastic Illegal Dumping (o/s targets),,,
,,,,PL Commercial Traps,79,2305,PL Commercial Traps,,,Plastics,Fishing,,Non,,Plastic Illegal Dumping (o/s targets),,,
,,,,PL Glow Sticks,80,2306,PL Glow Sticks,,,Plastics,Fishing,,Non,,Plastic Refined,,,
,,,,PL Floats,81,2307,PL Floats,,,Plastics,Fishing,,Non,,Plastic Refined,,,
,,,,PL Comm. Fishing Remnants,82,2308,PL Comm. Fishing Remnants,,,Plastics,Fishing,,Non,,Plastic Refined,,,
,,,,PL Recreational Lures & Floats,83,2310,PL Recreational Lures & Floats,,,Plastics,Fishing,,Non,,Plastic Refined,,,
,,,,PL Squid Jigs,84,2311,PL Squid Jigs,,,Plastics,Fishing,,Non,,Plastic Refined,,,
,,,,PL Aquaculture Items,85,2312,PL Aquaculture Items,,,Plastics,Fishing,,Non,,Plastic Refined,,,
,,,,PL Fishing Line (count of pieces),248,2313,PL Fishing Line (count of pieces),,,Plastics,Fishing,,Non,,Plastic Non-refined (o/s targets),,,
,,,,PL Nets (count of pieces >1m),249,2314,PL Nets (count of pieces >1m),,,Plastics,Fishing,,Non,,Plastic Non-refined (o/s targets),,,
,,,,PL Commercial Line (count of pieces),251,2317,PL Commercial Line (count of pieces),,,Plastics,Fishing,,Non,,Plastic Non-refined (o/s targets),,,
,,,NEW @ S?,PL SU Fishing Lures,302,2309,PL SU Fishing Lures,,,Plastics,Fishing,,Non,,Plastic Refined,,,
,,,,PL Hard Fragments Size 1,94,0,PL Hard Fragments (ITEMS SMALLER THAN IN ALM SURVEY),,,Plastics,Fragments,,Non,,Fragments,,,
,,,,PL Hard Fragments Size 2,95,,,,,Plastics,Fragments,,Non,,Fragments,,,
,,,,PL Burnt Pieces Size 1,106,,,,,Plastics,Fragments,,Non,,Fragments,,,
,,,,PL Burnt Pieces Size 2,107,,,,,Plastics,Fragments,,Non,,Fragments,,,
,,,,PL Hard Fragments Size 3,96,78,PL Hard Fragments (Small),,,Plastics,Fragments,,Non,,Fragments,,,
,,,,PL Hard Fragments Size 4,97,,,,,Plastics,Fragments,,Non,,Fragments,,,
,,,,PL Burnt Pieces Size 3,108,,,,,Plastics,Fragments,,Non,,Fragments,,,
,,,,PL Burnt Pieces Size 4,109,,,,,Plastics,Fragments,,Non,,Fragments,,,
,,,,PL Hard Fragments Size 5,98,79,PL Hard Fragments (Medium),,,Plastics,Fragments,,Non,,Fragments,,,
,,,,PL Burnt Pieces Size 5,110,,,,,Plastics,Fragments,,Non,,Fragments,,,
,,,,PL Hard Fragments Size 6,99,80,PL Hard Fragments (Large),,,Plastics,Fragments,,Non,,Fragments,,,
,,,,PL Burnt Pieces Size 6,111,,,,,Plastics,Fragments,,Non,,Fragments,,,
,,,,PL Film Pieces Size 1,100,0,PL Film Pieces (ITEMS SMALLER THAN IN ALM SURVEY),,,Plastics,Fragments,,Non,,Fragments,,,
,,,,PL Film Pieces Size 2,101,,,,,Plastics,Fragments,,Non,,Fragments,,,
,,,,PL Film Pieces Size 3,102,81,PL Film Pieces (Small),,,Plastics,Fragments,,Non,,Fragments,,,
,,,,PL Film Pieces Size 4,103,,,,,Plastics,Fragments,,Non,,Fragments,,,
,,,,PL Film Pieces Size 5,104,82,PL Film Pieces (Medium),,,Plastics,Fragments,,Non,,Fragments,,,
,,,,PL Film Pieces Size 6,105,83,PL Film Pieces (Large),,,Plastics,Fragments,,Non,,Fragments,,,
,,PL Syringe (medical),127,PL Syringes,12701,41,PL Syringes,,,Plastics,"Personal effects, care and hygiene",,Non,,Plastic Refined,,,
,,PL Syringe (veterinary),128,,,,,,,Plastics,"Personal effects, care and hygiene",,Non,,Plastic Refined,,,
,,,,H PL OH&S,118,,,,,Plastics,"Personal effects, care and hygiene",,Non,,Plastic Refined,,,
,,,,PL SU Face Masks,262,230,PL SU Face Masks,,,Plastics,"Personal effects, care and hygiene",,Non,,Plastic Refined,,,
,,,,PL Gloves,263,4724,PL Gloves,47,PL Other,Plastics,"Personal effects, care and hygiene",,Non,,Plastic Refined,,,
,,,,PL Other OH&S Items,264,4725,PL Other OH&S Items,,,Plastics,Miscellaneous Plastic ,,Non,,Plastic Refined,,,
,,,,PL COVID Tests & Packaging,268,4722,PL COVID Tests & Packaging,,,Plastics,Miscellaneous Plastic ,,Non,,Plastic Refined,,,
,,,,PL Drums/Buckets,39,4714,PL Drums/Buckets,,,Plastics,Miscellaneous Plastic ,,Non,,Illegal Dumping (o/s targets),,,
,,,,PL Sheeting,69,4715,PL Sheeting,,,Plastics,Miscellaneous Plastic ,,Non,,Plastic Refined,,,
,,,,PL Parking Tickets,119,4726,PL Parking Tickets,,,Plastics,Miscellaneous Plastic ,,Non,,Plastic Refined,,,
,,,,PL Pipe/PVC,120,4727,PL Pipe/PVC,,,Plastics,Miscellaneous Plastic ,,Non,,Plastic Refined,,,
,,,,PL Electrical Items,121,229,PL Electrical Items,,,Plastics,Miscellaneous other material ,,Non,,Plastic Refined,,,
,,,,PL Tubes/Hoses,123,4729,PL Tubes/Hoses,47,PL Other,Plastics,Miscellaneous Plastic ,,Non,,Plastic Refined,,,
,,,,PL Vehicle Parts/Pieces,124,24201,PL Vehicle Parts/Pieces,242,OT Vehicle Parts,Plastics,Miscellaneous Plastic ,,Non,,Illegal Dumping (o/s targets),,,
,,,,PL Corflute Signs,74,4700,PL All Other Items,47,PL Other,Plastics,Miscellaneous Plastic ,,Non,,Plastic Refined,,,
,,,,PL Blasting Items,112,,,,,Plastics,Miscellaneous Plastic ,,Non,,Plastic Refined,,,
,,,,PL Outdoor Furniture,34,,,,,Plastics,Miscellaneous Plastic ,,Non,,Illegal Dumping (o/s targets),,,
,,,,PL Childcare Items,29,,,,,Plastics,Miscellaneous Plastic ,,Non,,Plastic Refined,,,
,,,,PL Fibreglass Fragments,31,,,,,Plastics,Miscellaneous Plastic ,,Non,,Plastic Refined,,,
,,,,PL Outdoor Equipment,33,,,,,Plastics,Miscellaneous Plastic ,,Non,,Illegal Dumping (o/s targets),,,
,,,,PL Medical Waste,116,,,,,Plastics,Miscellaneous Plastic ,,Non,,Plastic Refined,,,
,,,,PL Municipal Items,117,,,,,Plastics,Miscellaneous Plastic ,,Non,,Illegal Dumping (o/s targets),,,
,,,,PL Marine Safety Items,115,,,,,Plastics,Miscellaneous Plastic ,,Non,,Illegal Dumping (o/s targets),,,
,,,,PL Farming Items,122,,,,,Plastics,Miscellaneous Plastic ,,Non,,Illegal Dumping (o/s targets),,,
,,,,PL Research/Oceanic Items,125,,,,,Plastics,Miscellaneous Plastic ,,Non,,Illegal Dumping (o/s targets),,,
,,,,PL Shotgun Shells,126,,,,,Plastics,Miscellaneous Plastic ,,Non,,Plastic Refined,,,
,,,,PL Tags,129,,,,,Plastics,Miscellaneous Plastic ,,Non,,Plastic Refined,,,
,,,NEW @ S?,PL Other Items,284,,,,,Plastics,Miscellaneous Plastic ,,Non,,Plastic Refined,,,
,,,,FP Buoys & Floats,131,21301,FP Fishing,213,FP Other Items,Polystyrene,Fishing,,Non,,Non Plastic Refined,,,
,,,,FP Drift Net Floats,133,,,,,Polystyrene,Fishing,,Non,,Non Plastic Refined,,,
,,,,FP Cups & Food Packaging,132,21001,FP Cups & Food Packaging,A210 ,Cups foam ,Polystyrene,Takeaway,,Non,,Non Plastic Refined,Takeaway,,Ban 2
,,,,,,,,A211,Food packaging and clamshells ,Polystyrene,Takeaway,,Non,,Non Plastic Refined,Takeaway,,Ban 2
,,,,FP Insulation & Packaging,134,212,FP Insulation & Packaging,,,Polystyrene,Miscellaneous Poly,,Non,,Non Plastic Refined,,,Future Partial (foam packaging - loose and moulded)
,,,,FP Pieces Size 1,137,0,FP Pieces (ITEMS SMALLER THAN IN ALM SURVEY),,,Polystyrene,Fragments,,Non,,Fragments,,,
,,,,FP Pieces Size 2,138,,,,,Polystyrene,Fragments,,Non,,Fragments,,,
,,,,FP Pieces Size 3,139,214,FP Pieces (Small),,,Polystyrene,Fragments,,Non,,Fragments,,,
,,,,FP Pieces Size 4,140,,,,,Polystyrene,Fragments,,Non,,Fragments,,,
,,,,FP Pieces Size 5,141,215,FP Pieces (Medium),,,Polystyrene,Fragments,,Non,,Fragments,,,
,,,,FP Pieces Size 6,142,216,FP Pieces (Large),,,Polystyrene,Fragments,,Non,,Fragments,,,
,,,,FP Sponges,136,21300,FP All Other Items,213,FP Other Items,Polystyrene,Miscellaneous Poly,,Non,,Non Plastic Refined,,,
,,,,FP Weather Balloon Material,135,,,,,Polystyrene,Miscellaneous Poly,,Non,,Non Plastic Refined,,,
,,,NEW @ S?,FP Other Items,298,,,,,Polystyrene,Miscellaneous Poly,,Non,,Non Plastic Refined,,,
,,,NEW @ S?,OT Cutlery,274,227,OT Cutlery,,,Other,Takeaway,,Non,,Non Plastic Refined,Takeaway,,Substitute
,,,NEW @ S?,OT Cotton Buds,290,226,OT Cotton Buds,,,Other,"Personal effects, care and hygiene",,Non,,Non Plastic Refined,,,Substitute
,,,NEW @ S?,OT Stirrers ,297,239,OT Stirrers ,,,Other,Takeaway,,Non,,Non Plastic Refined,Takeaway,,Substitute
,,,NEW @ S?,OT Reusable Vapes,301,24703,OT Reusable Vapes,247,OT Other,Other,"Smoking, vaping and packaging",Vape related,Non,,Non Plastic Refined,,,
,,,NEW @ S?,"OT Plates/Bowls (non-plastic, non-paper)",303,23602,"OT Plates/Bowls (non-plastic, non-paper)",236,OT Plates/Bowls (non-plastic),Other,Takeaway,,Non,,Non Plastic Refined,Takeaway,,Substitute
,,CL Binding & String,183,OT Rope and String (count of pieces),310,23702,OT Rope and String (count of pieces),237,OT Rope & String,Other,Miscellaneous other material ,,Non,,Non Plastic Refined,,,
,,CL Rope Natural (# of pieces),252,,,,,,,Other,Miscellaneous other material ,,Non,,Non Plastic Refined,,,
,,,NEW @ S?,"OT Straws (non-plastic, non-paper)",320,24002,"OT Straws (non-plastic, non-paper)",240,OT Straw (non-plastic) ,Other,Takeaway,,Non,,Non Plastic Refined,Takeaway,,Substitute
,,,NEW @ S?,OT SU Vapes,321,24702,OT SU Vapes,247,OT Other,Other,"Smoking, vaping and packaging",Vape related,Non,,Non Plastic Refined,,,
,,,,OT Condoms,143,224,OT Condoms,,,Other,"Personal effects, care and hygiene",,Non,,Non Plastic Refined,,,
,,,,OT Nappies,146,234,OT Nappies,,,Other,"Personal effects, care and hygiene",,Non,,Non Plastic Refined,,,
,,,,OT Shoes,148,24701,OT Shoes,247,OT Other,Other,"Personal effects, care and hygiene",,Non,,Non Plastic Refined,,,
,,,,OT Batteries,149,223,OT Batteries,,,Other,Miscellaneous other material ,,Non,,Non Plastic Refined,,,
,,OT Building ,151,OT Building & Construction Items,15101,225,OT Building & Construction Items,,,Other,Miscellaneous other material,,Non,,Non Plastic Refined,,,
,,GC Bricks/Cement,163,,,,,,,Other,Miscellaneous other material,,Non,,Non Plastic Refined,,,
,,PL Carpet/Lino,114,,,,,,,Other,Miscellaneous other material,,Non,,Non Plastic Refined,,,
,,,,H OT Food Scraps,153,,,,,Other,Takeaway,,Non,,Non Plastic Refined,,,
,,,,OT Food Scraps (not gum),15301,23201,OT Food Scraps,232,OT Food Scraps,Other,Takeaway,,Non,,Non Plastic Refined,,,
,,,,OT Chewing Gum,15302,23202,OT Chewing Gum,232,OT Food Scraps,Other,Takeaway,,Non,,Non Plastic Refined,,,
,,,,OT Personal Effects,155,235,OT Personal Effects,,,Other,"Personal effects, care and hygiene",,Non,,Non Plastic Refined,,,
,,,,H OT Sanitary,147,,,,,Other,"Personal effects, care and hygiene",,Non,,Non Plastic Refined,,,
,,,,OT Reusable Face Masks,265,231,OT Reusable Face Masks,,,Other,"Personal effects, care and hygiene",,Non,,Non Plastic Refined,,,
,,,,OT Antibacterial Wipes,266,243,OT Antibacterial Wipes,,,Other,"Personal effects, care and hygiene",,Non,,Non Plastic Refined,,,
,,,,OT Other Sanitary Items,267,238,OT Other Sanitary Items,,,Other,"Personal effects, care and hygiene",,Non,,Non Plastic Refined,,,
,,,NEW @ S?,OT Dog poo,335,228,OT Dog poo,,,Other,Miscellaneous other material,,Non,,Non Plastic Refined,,,
,,,,OT Oil Globules,145,24700,OT All Other Items,247,OT Other,Other,Miscellaneous other material,,Non,,Non Plastic Refined,,,
,,,,OT Boat Wreckage,150,,,,,Other,Miscellaneous other material,,Non,,Illegal Dumping (o/s targets),,,
,,,,OT Contents,152,,,,,Other,Miscellaneous other material,,Non,,Non Plastic Refined,,,
,,,,OT Organic Material,154,,,,,Other,Miscellaneous other material,,Non,,Non Plastic Refined,,,
,,,,OT Pet Items,156,,,,,Other,Miscellaneous other material,,Non,,Non Plastic Refined,,,
,,,,OT Wax/Candles,157,,,,,Other,Miscellaneous other material,,Non,,Non Plastic Refined,,,
,,,NEW @ S?,OT Other Items,299,,,,,Other,Miscellaneous other material,,Non,,Non Plastic Refined,,,
,,,,GC Jars,159,117,GC Jars,,,Glass,Miscellaneous Glass,,Non,,Non Plastic Refined,,,
,,,,GC Alcohol Mixer Bottles (all sizes),164,129,GC Alcoholic Mixer Bottles (<150mL),,,Glass,CDS beverage container ,,Beverage Container - CDS,,Non Plastic Refined,,,
,,,,,,130,GC Alcoholic Mixer Bottles (150-499mL),,,Glass,CDS beverage container ,,Beverage Container - CDS,,Non Plastic Refined,,,
,,,,,,131,GC Alcoholic Mixer Bottles (500-999mL),,,Glass,CDS beverage container ,,Beverage Container - CDS,,Non Plastic Refined,,,
,,,,,,132,GC Alcoholic Mixer Bottles (1000- 3000ml),,,Glass,CDS beverage container ,,Beverage Container - CDS,,Non Plastic Refined,,,
,,,,,,133,GC Alcoholic Mixer Bottles (>3000mL),,,Glass,CDS beverage container ,,Beverage Container - CDS,,Non Plastic Refined,,,
,,,,GC Beer Bottles (<750ml),165,134,GC Beer Bottles (<150mL),,,Glass,CDS beverage container ,,Beverage Container - CDS,,Non Plastic Refined,,,
,,,,,,135,GC Beer Bottles (150-499mL),,,Glass,CDS beverage container ,,Beverage Container - CDS,,Non Plastic Refined,,,
,,,,GC Beer Bottles (750ml+),166,136,GC Beer Bottles (500-999mL),,,Glass,CDS beverage container ,,Beverage Container - CDS,,Non Plastic Refined,,,
,,,,,,137,GC Beer Bottles (1000- 3000ml),,,Glass,CDS beverage container ,,Beverage Container - CDS,,Non Plastic Refined,,,
,,,,,,138,GC Beer Bottles (>3000mL),,,Glass,CDS beverage container ,,Beverage Container - CDS,,Non Plastic Refined,,,
,,,,GC Cider/Fruit Based Beverage Bottles (all sizes),167,139,GC Cider/Fruit Based Beverage Bottles (<150mL),,,Glass,CDS beverage container ,,Beverage Container - CDS,,Non Plastic Refined,,,
,,,,,,140,GC Cider/Fruit Based Beverage Bottles (150-499mL),,,Glass,CDS beverage container ,,Beverage Container - CDS,,Non Plastic Refined,,,
,,,,,,141,GC Cider/Fruit Based Beverage Bottles (500-999mL),,,Glass,CDS beverage container ,,Beverage Container - CDS,,Non Plastic Refined,,,
,,,,,,142,GC Cider/Fruit Based Beverage Bottles (1000- 3000ml),,,Glass,CDS beverage container ,,Beverage Container - CDS,,Non Plastic Refined,,,
,,,,,,143,GC Cider/Fruit Based Beverage Bottles (>3000mL),,,Glass,CDS beverage container ,,Beverage Container - CDS,,Non Plastic Refined,,,
,,,,GC FW/FJD/SpD Non-carb. Beverage Bottles (<1L),168,14401,GC FW/FJD/SpD Non-carb. Beverage Bottles (<150mL),144,GC FW/FJD/SD Beverage (<150mL) ,Glass,CDS beverage container ,,Beverage Container - CDS,,Non Plastic Refined,,,
,,,,,,14501,GC FW/FJD/SpD Non-carb. Beverage Bottles (150-499mL),145,GC FW/FJD/SD Beverage (150-499mL) ,Glass,CDS beverage container ,,Beverage Container - CDS,,Non Plastic Refined,,,
,,,,,,14601,GC FW/FJD/SpD Non-carb. Beverage Bottles (500-999mL),146,GC FW/FJD/SD Beverage (500-999mL) ,Glass,CDS beverage container ,,Beverage Container - CDS,,Non Plastic Refined,,,
,,,,GC FW/FJD/SpD Non-carb. Beverage Bottles (1L+),169,14701,GC FW/FJD/SpD Non-carb. Beverage Bottles (1000- 3000ml),147,GC FW/FJD/SD Beverage (1000- 3000ml) ,Glass,CDS beverage container ,,Beverage Container - CDS,,Non Plastic Refined,,,
,,,,,,14801,GC FW/FJD/SpD Non-carb. Beverage Bottles (>3000mL),148,GC FW/FJD/SD Beverage (>3000mL) ,Glass,CDS beverage container ,,Beverage Container - CDS,,Non Plastic Refined,,,
,,,,GC FW/FJD/SftD Carb. Beverage Bottles (<1L),170,14402,GC FW/SftD Carb. Beverage Bottles (<150mL),144,GC FW/FJD/SD Beverage (<150mL) ,Glass,CDS beverage container ,,Beverage Container - CDS,,Non Plastic Refined,,,
,,,,,,14502,GC FW/SftD Carb. Beverage Bottles (150-499mL),145,GC FW/FJD/SD Beverage (150-499mL) ,Glass,CDS beverage container ,,Beverage Container - CDS,,Non Plastic Refined,,,
,,,,,,14602,GC FW/SftD Carb. Beverage Bottles (500-999mL),146,GC FW/FJD/SD Beverage (500-999mL),Glass,CDS beverage container ,,Beverage Container - CDS,,Non Plastic Refined,,,
,,,,GC FW/SftD Carb. Beverage Bottles (1L+),171,14702,GC FW/SftD Carb. Beverage Bottles (1000- 3000ml),147,GC FW/FJD/SD Beverage (1000- 3000ml),Glass,CDS beverage container ,,Beverage Container - CDS,,Non Plastic Refined,,,
,,,,,,14802,GC FW/SftD Carb. Beverage Bottles (>3000mL),148,GC FW/FJD/SD Beverage (>3000mL),Glass,CDS beverage container ,,Beverage Container - CDS,,Non Plastic Refined,,,
,,,,GC Fruit Juice Bottles (<1L),172,149,GC Fruit Juice Bottles (<150mL),,,Glass,CDS beverage container ,,Beverage Container - CDS,,Non Plastic Refined,,,
,,,,,,150,GC Fruit Juice Bottles (150-499mL),,,Glass,CDS beverage container ,,Beverage Container - CDS,,Non Plastic Refined,,,
,,,,,,151,GC Fruit Juice Bottles (500-999mL),,,Glass,CDS beverage container ,,Beverage Container - CDS,,Non Plastic Refined,,,
,,,,GC Fruit Juice Bottles (1L+),173,152,GC Fruit Juice Bottles (1000- 3000ml),,,Glass,Non-CDS beverage container ,,Beverage Container - Non CDS,,Non Plastic Refined,,,
,,,,,,153,GC Fruit Juice Bottles (>3000mL),,,Glass,Non-CDS beverage container ,,Beverage Container - Non CDS,,Non Plastic Refined,,,
,,,,GC Water Bottles (<1L),174,154,GC Water Bottles (<150mL),,,Glass,CDS beverage container ,,Beverage Container - CDS,,Non Plastic Refined,,,
,,,,,,155,GC Water Bottles (150-499mL),,,Glass,CDS beverage container ,,Beverage Container - CDS,,Non Plastic Refined,,,
,,,,,,156,GC Water Bottles (500-999mL),,,Glass,CDS beverage container ,,Beverage Container - CDS,,Non Plastic Refined,,,
,,,,GC Water Bottles (+1L),175,157,GC Water Bottles (1000- 3000ml),,,Glass,CDS beverage container ,,Beverage Container - CDS,,Non Plastic Refined,,,
,,,,,,158,GC Water Bottles (>3000mL),,,Glass,CDS beverage container ,,Beverage Container - CDS,,Non Plastic Refined,,,
,,,,GC Wine Cooler Bottles (all sizes),176,159,GC Wine Cooler Bottles (<150mL),,,Glass,CDS beverage container ,,Beverage Container - CDS,,Non Plastic Refined,,,
,,,,,,160,GC Wine Cooler Bottles (150-499mL),,,Glass,CDS beverage container ,,Beverage Container - CDS,,Non Plastic Refined,,,
,,,,,,161,GC Wine Cooler Bottles (500-999mL),,,Glass,CDS beverage container ,,Beverage Container - CDS,,Non Plastic Refined,,,
,,,,,,162,GC Wine Cooler Bottles (1000- 3000ml),,,Glass,CDS beverage container ,,Beverage Container - CDS,,Non Plastic Refined,,,
,,,,,,163,GC Wine Cooler Bottles (>3000mL),,,Glass,CDS beverage container ,,Beverage Container - CDS,,Non Plastic Refined,,,
,,,,H GC Spirit & Wine Bottles,161,,,,,Glass,Non-CDS beverage container ,,Beverage Container - Non CDS,,Non Plastic Refined,,,
,,,,GC Wine Bottles (all sizes),306,119,GC Wine Bottles (<150mL),,,Glass,Non-CDS beverage container ,,Beverage Container - Non CDS,,Non Plastic Refined,,,
,,,,,,120,GC Wine Bottles (150-499mL),,,Glass,Non-CDS beverage container ,,Beverage Container - Non CDS,,Non Plastic Refined,,,
,,,,,,121,GC Wine Bottles (500-999mL),,,Glass,Non-CDS beverage container ,,Beverage Container - Non CDS,,Non Plastic Refined,,,
,,,,,,122,GC Wine Bottles (1000- 3000ml),,,Glass,Non-CDS beverage container ,,Beverage Container - Non CDS,,Non Plastic Refined,,,
,,,,,,123,GC Wine Bottles (>3000mL),,,Glass,Non-CDS beverage container ,,Beverage Container - Non CDS,,Non Plastic Refined,,,
,,,,GC Spirit Bottles (all sizes),307,124,GC Spirit Bottles (<150mL),,,Glass,Non-CDS beverage container ,,Beverage Container - Non CDS,,Non Plastic Refined,,,
,,,,,,125,GC Spirit Bottles (150-499mL),,,Glass,Non-CDS beverage container ,,Beverage Container - Non CDS,,Non Plastic Refined,,,
,,,,,,126,GC Spirit Bottles (500-999mL),,,Glass,Non-CDS beverage container ,,Beverage Container - Non CDS,,Non Plastic Refined,,,
,,,,,,127,GC Spirit Bottles (1000- 3000ml),,,Glass,Non-CDS beverage container ,,Beverage Container - Non CDS,,Non Plastic Refined,,,
,,,,,,128,GC Spirit Bottles (>3000mL),,,Glass,Non-CDS beverage container ,,Beverage Container - Non CDS,,Non Plastic Refined,,,
,,,,GC Pieces Size 1,177,0,GC Pieces (ITEMS SMALLER THAN IN ALM SURVEY),,,Glass,Fragments,,Non,,Fragments,,,
,,,,GC Pieces Size 2,178,,,,,Glass,Fragments,,Non,,Fragments,,,
,,,,GC Pieces Size 3,179,164,GC Pieces (Small),,,Glass,Fragments,,Non,,Fragments,,,
,,,,GC Pieces Size 4,180,,,,,Glass,Fragments,,Non,,Fragments,,,
,,,,GC Pieces Size 5,181,165,GC Pieces (Medium),,,Glass,Fragments,,Non,,Fragments,,,
,,,,GC Pieces Size 6,182,166,GC Pieces (Large),,,Glass,Fragments,,Non,,Fragments,,,
,,,,GC Light Tubes & Globes,160,11800,GC All Other Items,118,GC Other Items,Glass,Miscellaneous Glass,,Non,,Non Plastic Refined,,,
,,,,GC Glassware/Ceramic Items,162,,,,,Glass,Miscellaneous Glass,,Non,,Non Plastic Refined,,,
,,,,GC Broken Ceramics,158,,,,,Glass,Miscellaneous Glass,,Non,,Non Plastic Refined,,,
,,,,GC Other Items,305,,,,,Glass,Miscellaneous Glass,,Non,,Non Plastic Refined,,,
,,,,H CL Cloth & Clothing,184,,,,,Cloth,Miscellaneous Cloth ,,Non,,Non Plastic Refined,,,
,,,,CL Clothing Items,308,217,CL Clothing Items,,,Cloth,Miscellaneous Cloth ,,Non,,Non Plastic Refined,,,
,,,,CL Fragments (all sizes),309,219,CL Fragments (Small),,,Cloth,Fragments,,Non,,Fragments,,,
,,,,,,220,CL Fragments (Medium),,,Cloth,Fragments,,Non,,Fragments,,,
,,,,,,221,CL Fragments (Large),,,Cloth,Fragments,,Non,,Fragments,,,
,,,NEW @ S?,CL Other Items,311,,,,,Cloth,Miscellaneous Cloth,,Non,,Non Plastic Refined,,,
,,,,CL Canvas/Hessian Items,185,21800,CL All Other Items,218,CL Other Items,Cloth,Miscellaneous Cloth,,Non,,Non Plastic Refined,,,
,,,,"ME Lids, Ring-pulls, Bottle tops",197,87,"ME Lids, Ring-pulls, Bottle tops",,,Metal,Takeaway,,Beverage Lid,,Non Plastic Refined,Takeaway,,
,,,,ME Alcoholic Mixer Cans (all sizes),188,99,ME Alcoholic Mixer Cans (<150mL),,,Metal,CDS beverage container ,,Beverage Container - CDS,,Non Plastic Refined,,,
,,,,,,100,ME Alcoholic Mixer Cans (150-499mL),,,Metal,CDS beverage container ,,Beverage Container - CDS,,Non Plastic Refined,,,
,,,,,,101,ME Alcoholic Mixer Cans (500-999mL),,,Metal,CDS beverage container ,,Beverage Container - CDS,,Non Plastic Refined,,,
,,,,,,102,ME Alcoholic Mixer Cans (1000- 3000ml),,,Metal,CDS beverage container ,,Beverage Container - CDS,,Non Plastic Refined,,,
,,,,,,103,ME Alcoholic Mixer Cans (>3000mL),,,Metal,CDS beverage container ,,Beverage Container - CDS,,Non Plastic Refined,,,
,,,,"ME Beer Cans (all types), all sizes",189,89,ME Beer Cans (<150mL),,,Metal,CDS beverage container ,,Beverage Container - CDS,,Non Plastic Refined,,,
,,,,,,90,ME Beer Cans (150-499mL),,,Metal,CDS beverage container ,,Beverage Container - CDS,,Non Plastic Refined,,,
,,,,,,91,ME Beer Cans (500-999mL),,,Metal,CDS beverage container ,,Beverage Container - CDS,,Non Plastic Refined,,,
,,,,,,92,ME Beer Cans (1000- 3000ml),,,Metal,CDS beverage container ,,Beverage Container - CDS,,Non Plastic Refined,,,
,,,,,,93,ME Beer Cans (>3000mL),,,Metal,CDS beverage container ,,Beverage Container - CDS,,Non Plastic Refined,,,
,,,,ME Cider/Fruit Based Beverage Cans (all sizes),190,94,ME Cider/Fruit Based Beverage Cans (<150mL),,,Metal,CDS beverage container ,,Beverage Container - CDS,,Non Plastic Refined,,,
,,,,,,95,ME Cider/Fruit Based Beverage Cans (150-499mL),,,Metal,CDS beverage container ,,Beverage Container - CDS,,Non Plastic Refined,,,
,,,,,,96,ME Cider/Fruit Based Beverage Cans (500-999mL),,,Metal,CDS beverage container ,,Beverage Container - CDS,,Non Plastic Refined,,,
,,,,,,97,ME Cider/Fruit Based Beverage Cans (1000- 3000ml),,,Metal,CDS beverage container ,,Beverage Container - CDS,,Non Plastic Refined,,,
,,,,,,98,ME Cider/Fruit Based Beverage Cans (>3000mL),,,Metal,CDS beverage container ,,Beverage Container - CDS,,Non Plastic Refined,,,
,,,,ME FW/SftD Carb. Beverage Bottles (all sizes),191,10401,ME FW/SftD Carb. Beverage Cans (<150mL),104,ME FW/SD Beverage (<150mL) ,Metal,CDS beverage container ,,Beverage Container - CDS,,Non Plastic Refined,,,
,,,,,,10501,ME FW/SftD Carb. Beverage Cans (150-499mL),105,ME FW/SD Beverage (150-499mL) ,Metal,CDS beverage container ,,Beverage Container - CDS,,Non Plastic Refined,,,
,,,,,,10601,ME FW/SftD Carb. Beverage Cans (500-999mL),106,ME FW/SD Beverage (500-999mL) ,Metal,CDS beverage container ,,Beverage Container - CDS,,Non Plastic Refined,,,
,,,,,,10701,ME FW/SftD Carb. Beverage Cans (1000- 3000ml),107,ME FW/SD Beverage (1000- 3000ml) ,Metal,CDS beverage container ,,Beverage Container - CDS,,Non Plastic Refined,,,
,,,,,,10801,ME FW/SftD Carb. Beverage Cans (>3000mL),108,ME FW/SD Beverage (>3000mL) ,Metal,CDS beverage container ,,Beverage Container - CDS,,Non Plastic Refined,,,
,,,,ME FW/FJD/SpD Non-carb. Beverage Bottles (all sizes),192,10402,ME FW/FJD/SpD Non-carb. Beverage Cans (<150mL),104,ME FW/SD Beverage (<150mL) ,Metal,CDS beverage container ,,Beverage Container - CDS,,Non Plastic Refined,,,
,,,,,,10502,ME FW/FJD/SpD Non-carb. Beverage Cans (150-499mL),105,ME FW/SD Beverage (150-499mL) ,Metal,CDS beverage container ,,Beverage Container - CDS,,Non Plastic Refined,,,
,,,,,,10602,ME FW/FJD/SpD Non-carb. Beverage Cans (500-999mL),106,ME FW/SD Beverage (500-999mL) ,Metal,CDS beverage container ,,Beverage Container - CDS,,Non Plastic Refined,,,
,,,,,,10702,ME FW/FJD/SpD Non-carb. Beverage Cans (1000- 3000ml),107,ME FW/SD Beverage (1000- 3000ml) ,Metal,CDS beverage container ,,Beverage Container - CDS,,Non Plastic Refined,,,
,,,,,,10802,ME FW/FJD/SpD Non-carb. Beverage Cans (>3000mL),108,ME FW/SD Beverage (>3000mL) ,Metal,CDS beverage container ,,Beverage Container - CDS,,Non Plastic Refined,,,
,,,,ME Scrap Pieces (all sizes),198,114,ME Scrap Pieces (Small),,,Metal,Fragments,,Non,,Fragments,,,
,,,,,,115,ME Scrap Pieces (Medium),,,Metal,Fragments,,Non,,Fragments,,,
,,,,,,116,ME Scrap Pieces (Large),,,Metal,Fragments,,Non,,Fragments,,,
,,,,ME Aerosol Cans,187,84,ME Aerosol Cans,,,Metal,Miscellaneous Metal ,,Non,,Non Plastic Refined,,,
,,,,ME Foil Takeaway Items,193,86,ME Foil Takeaway Items,,,Metal,Takeaway,,Non,,Non Plastic Refined,Takeaway,,
,,,,ME Aluminium Packaging/ Foil Other,194,85,ME Aluminium Packaging/ Foil Other,,,Metal,Miscellaneous Metal,,Non,,Non Plastic Refined,,,
,,,,ME Fishing Items,196,262,ME Fishing Items,,,Metal,Fishing,,Non,,Non Plastic Refined,,,
,,,,ME Vehicle Parts/Pieces,203,24202,ME Vehicle Parts/Pieces,242,OT Vehicle Parts,Metal,Miscellaneous Metal,,Non,,Illegal Dumping (o/s targets),,,
,,,,ME Wire/Pipes,214,8801,ME All Other Items,88,ME Other,Metal,Miscellaneous Metal,,Non,,Non Plastic Refined,,,
,,,,ME Cans (<4L),199,,,,,Metal,Miscellaneous Metal,,Non,,Illegal Dumping (o/s targets),,,
,,,,ME Industrial Cans (4L+),200,,,,,Metal,Miscellaneous Metal,,Non,,Illegal Dumping (o/s targets),,,
,,,,ME 44 Gallon Drums,201,,,,,Metal,Miscellaneous Metal,,Non,,Illegal Dumping (o/s targets),,,
,,,,ME Bikes/Trolleys,202,,,,,Metal,Miscellaneous Metal,,Non,,Illegal Dumping (o/s targets),,,
,,,,ME Gas Cans,204,,,,,Metal,Miscellaneous Metal,,Non,,Illegal Dumping (o/s targets),,,
,,,,ME Gas Cylinders,205,,,,,Metal,Miscellaneous Metal,,Non,,Illegal Dumping (o/s targets),,,
,,,,ME Marine Engines,206,,,,,Metal,Miscellaneous Metal,,Non,,Illegal Dumping (o/s targets),,,
,,,,ME Buoys,207,,,,,Metal,Miscellaneous Metal,,Non,,Illegal Dumping (o/s targets),,,
,,,,ME Drums,208,,,,,Metal,Miscellaneous Metal,,Non,,Illegal Dumping (o/s targets),,,
,,,,ME Outdoor Items,209,,,,,Metal,Miscellaneous Metal,,Non,,Illegal Dumping (o/s targets),,,
,,,,ME Tools,210,,,,,Metal,Miscellaneous Metal,,Non,,Non Plastic Refined,,,
,,,,ME Signs/Sheeting,211,,,,,Metal,Miscellaneous Metal,,Non,,Non Plastic Refined,,,
,,,,ME Small Machinery,212,,,,,Metal,Miscellaneous Metal,,Non,,Illegal Dumping (o/s targets),,,
,,,,ME White Goods,213,,,,,Metal,Miscellaneous Metal,,Non,,Illegal Dumping (o/s targets),,,
,,,,ME Other Items,312,,,,,Metal,Miscellaneous Metal,,Non,,Non Plastic Refined,,,
,,,,PC Straws,273,24001,PC Straws,240,OT Straw (non-plastic),Paper,Takeaway,,Non,,Non Plastic Refined,Takeaway,,Substitute
,,,,PC Bread Bag Tags,279,256,PC Bread Bag Tags,,,Paper,Miscellaneous Paper,,Non,,Non Plastic Refined,,,Future Substitute
,,,,PC SU Vape Packaging,282,253,PC SU Vape Packaging,,,Paper,"Smoking, vaping and packaging",Vape related,Non,,Non Plastic Refined,,,
,,,,H PC Cigarette Packets,222,,,,,Paper,"Smoking, vaping and packaging",Cigarette related,Non,,Non Plastic Refined,,,
,,,,PC Cigarette Packets (with film),330,16701,PC Cigarette Packets (with film),167,PC Cigarette Packet,Paper,"Smoking, vaping and packaging",Cigarette related,Non,,Non Plastic Refined,,,
,,,,PC Cigarette Packets (no film),331,16702,PC Cigarette Packets (no film),167,PC Cigarette Packet,Paper,"Smoking, vaping and packaging",Cigarette related,Non,,Non Plastic Refined,,,
,,,,PC Plates & Bowls,295,26301,PC Plates & Bowls,236,OT Plates/Bowls (non-plastic),Paper,Takeaway,,Non,,Non Plastic Refined,Takeaway,,Substitute
,,,,PC Coffee Cup Lids,314,264,PC Coffee Cup Lids,178,PC Other,Paper,Takeaway,,Non,,Non Plastic Refined,Takeaway,,Substitute
,,,,H PC Coffee Cups (all),259,,,,,Paper,Takeaway,,Non,,Non Plastic Refined,Takeaway,,
,,,,PC Coffee Cups (no lid),332,16801,PC Coffee Cups (no lid),168,PC Coffee Cup,Paper,Takeaway,,Non,,Non Plastic Refined,Takeaway,,
,,,,PC Coffee Cups (with PL lid),333,16802,PC Coffee Cups (with lid),168,PC Coffee Cup,Paper,Takeaway,,Non,,Non Plastic Refined,Takeaway,,
,,,,PC Coffee Cups (with PC lid),334,,,,,Paper,Takeaway,,Non,,Non Plastic Refined,Takeaway,,
,,,,PC Other Cups,260,169,PC Other Cups,,,Paper,Takeaway,,Non,,Non Plastic Refined,Takeaway,,
,,,,PC Takeaway Containers,261,177,PC Takeaway Containers,,,Paper,Takeaway,,Non,,Non Plastic Refined,Takeaway,,Substitute
,,,,PC Ice Cream / Snack Packaging,224,170,PC Ice Cream / Snack Packaging,,,Paper,Snacks/Confect.,,Non,,Non Plastic Refined,,Snacks/Confect.,
,,,,PC Flavoured Milk Cartons (<1L),215,179,PC Flavoured Milk Cartons (<150mL),,,Paper,CDS beverage container ,,Beverage Container - CDS,,Non Plastic Refined,,,
,,,,,,180,PC Flavoured Milk Cartons (150-499mL),,,Paper,CDS beverage container ,,Beverage Container - CDS,,Non Plastic Refined,,,
,,,,,,181,PC Flavoured Milk Cartons (500-999mL),,,Paper,CDS beverage container ,,Beverage Container - CDS,,Non Plastic Refined,,,
,,,,PC Flavoured Milk Cartons (1L+),216,182,PC Flavoured Milk Cartons (1000- 3000ml),,,Paper,Non-CDS beverage container ,,Beverage Container - Non CDS,,Non Plastic Refined,,,
,,,,,,183,PC Flavoured Milk Cartons (>3000mL),,,Paper,Non-CDS beverage container ,,Beverage Container - Non CDS,,Non Plastic Refined,,,
,,,,PC Fruit Juice Cartons (<1L),217,184,PC Fruit Juice Cartons (<150mL),,,Paper,CDS beverage container ,,Beverage Container - CDS,,Non Plastic Refined,,,
,,,,,,185,PC Fruit Juice Cartons (150-499mL),,,Paper,CDS beverage container ,,Beverage Container - CDS,,Non Plastic Refined,,,
,,,,,,186,PC Fruit Juice Cartons (500-999mL),,,Paper,CDS beverage container ,,Beverage Container - CDS,,Non Plastic Refined,,,
,,,,PC Fruit Juice Cartons (1L+),218,187,PC Fruit Juice Cartons (1000- 3000ml),,,Paper,Non-CDS beverage container ,,Beverage Container - Non CDS,,Non Plastic Refined,,,
,,,,,,188,PC Fruit Juice Cartons (>3000mL),,,Paper,Non-CDS beverage container ,,Beverage Container - Non CDS,,Non Plastic Refined,,,
,,,,PC FW/FJD/SpD Cartons (<1L),219,189, PC FW/FJD/SpD Cartons (<150mL),,,Paper,CDS beverage container ,,Beverage Container - CDS,,Non Plastic Refined,,,
,,,,,,190, PC FW/FJD/SpD Cartons (150-499mL),,,Paper,CDS beverage container ,,Beverage Container - CDS,,Non Plastic Refined,,,
,,,,,,191, PC FW/FJD/SpD Cartons (500-999mL),,,Paper,CDS beverage container ,,Beverage Container - CDS,,Non Plastic Refined,,,
,,,,PC FW/FJD/SpD Cartons (1L+),220,192, PC FW/FJD/SpD Cartons (1000- 3000ml),,,Paper,Non-CDS beverage container ,,Beverage Container - Non CDS,,Non Plastic Refined,,,
,,,,,,193, PC FW/FJD/SpD Cartons (>3000mL),,,Paper,Non-CDS beverage container ,,Beverage Container - Non CDS,,Non Plastic Refined,,,
,,,,PC White Milk Cartons (all sizes),221,194,PC White Milk Cartons (<150mL),,,Paper,Non-CDS beverage container ,,Beverage Container - Non CDS,,Non Plastic Refined,,,
,,,,,,195,PC White Milk Cartons (150-499mL),,,Paper,Non-CDS beverage container ,,Beverage Container - Non CDS,,Non Plastic Refined,,,
,,,,,,196,PC White Milk Cartons (500-999mL),,,Paper,Non-CDS beverage container ,,Beverage Container - Non CDS,,Non Plastic Refined,,,
,,,,,,197,PC White Milk Cartons (1000- 3000ml),,,Paper,Non-CDS beverage container ,,Beverage Container - Non CDS,,Non Plastic Refined,,,
,,,,,,198,PC White Milk Cartons (>3000mL),,,Paper,Non-CDS beverage container ,,Beverage Container - Non CDS,,Non Plastic Refined,,,
,,,,PC Fragments (all sizes),319,199,PC Fragments (Small),,,Paper,Fragments,,Non,,Fragments,,,
,,,,,,200,PC Fragments (Medium),,,Paper,Fragments,,Non,,Fragments,,,
,,,,,,201,PC Fragments (Large),,,Paper,Fragments,,Non,,Fragments,,,
,,,,PC Junk Mail/Free Circulars,225,171,PC Junk Mail/Free Circulars,,,Paper,Miscellaneous Paper,,Non,,Non Plastic Refined,,,
,,,,PC Newspaper/Magazines,226,172,PC Newspaper/Magazines,,,Paper,Miscellaneous Paper,,Non,,Non Plastic Refined,,,
,,,,PC Packaging & Boxes,227,173,PC Packaging & Boxes,,,Paper,Miscellaneous Paper,,Non,,Non Plastic Refined,,,
,,,,PC Bags,228,174,PC Bags,,,Paper,Miscellaneous Paper,,Non,,Non Plastic Refined,,,
,,,,PC Shopping Related (e.g. Lists),229,176,"PC Tickets & shopping (e.g. Bus, ATM, lists)",,,Paper,Miscellaneous Paper,,Non,,Non Plastic Refined,,,
,,,,"PC Tickets (e.g. Bus, ATM)",230,,,,,Paper,Miscellaneous Paper,,Non,,Non Plastic Refined,,,
,,,,PC Tissues & Napkins,313,175,PC Tissues & Napkins,,,Paper,Miscellaneous Paper,,Non,,Non Plastic Refined,,,
,,,,PC Other Items,231,17800,PC All Other Items,178,PC Other,Paper,Miscellaneous Paper,,Non,,Non Plastic Refined,,,
,,,,RB Balloons,232,22202,RB Balloons,222,OT Balloons,Rubber,Miscellaneous Rubber,,Non,,Non Plastic Refined,,,
,,,,RB Tyres,238,205,RB Tyres,,,Rubber,Miscellaneous Rubber,,Non,,Non Plastic Refined,,,
,,,,RB Tyre Pieces,239,204,RB Tyre Pieces,,,Rubber,Miscellaneous Rubber,,Non,,Non Plastic Refined,,,
,,,,H RB (all) Toys,233,,,,,Rubber,Miscellaneous Rubber,,Non,,Non Plastic Refined,,,
,,,,RB Bands & Hair Ties,315,202,RB Bands & Hair Ties,,,Rubber,Miscellaneous Rubber,,Non,,Non Plastic Refined,,,
,,,,RB Other Toys,316,203,RB Toys,,,Rubber,Miscellaneous rubber,,Non,,Non Plastic Refined,,,
,,,,RB Remnants (all sizes),234,207,RB Fragments (Small),,,Rubber,Fragments,,Non,,Fragments,,,
,,,,,,208,RB Fragments (Medium),,,Rubber,Fragments,,Non,,Fragments,,,
,,,,,,209,RB Fragments (Large),,,Rubber,Fragments,,Non,,Fragments,,,
,,,,RB Sheeting,235,20601,RB Sheeting,206,RB Other,Rubber,Miscellaneous Rubber,,Non,,Illegal Dumping (o/s targets),,,
,,,,RB Seals/Buffers,236,20602,RB Seals/Buffers,,,Rubber,Miscellaneous Rubber,,Non,,Non Plastic Refined,,,
,,,,RB Thongs & Soles,237,20603,RB Thongs & Soles,,,Rubber,Miscellaneous Rubber,,Non,,Non Plastic Refined,,,
,,,,RB Other Items,317,20600,RB ALL Other Items,,,Rubber,Miscellaneous Rubber,,Non,,Non Plastic Refined,,,
,,,,WD Ice Cream Sticks,241,233,WD Ice Cream Sticks,,,Wood,Snacks/Confect.,,Non,,Non Plastic Refined,,Snacks/Confect.,
,,,,WD Processed Timber (Incl. fragments),243,26501,WD Fragments Small,265,WD Processed Timber (Incl. fragments),Wood,Miscellaneous wood,,Non,,Fragments,,,
,,,,,,26502,WD Fragments Medium,,,Wood,Miscellaneous wood,,Non,,Fragments,,,
,,,,,,26503,WD Fragments Large,,,Wood,Miscellaneous wood,,Non,,Fragments,,,
,,,,WD Brooms/Brushes,240,24501,WD Brooms/Brushes,245,WD Other,Wood,Miscellaneous wood,,Non,,Illegal Dumping (o/s targets),,,
,,,,WD Pencils/Matches,242,24502,WD Pencils/Matches,,,Wood,Miscellaneous wood,,Non,,Non Plastic Refined,,,
,,,,WD Fishing Items,244,24503,WD Fishing Items,,,Wood,Fishing,,Non,,Non Plastic Refined,,,
,,,,WD Furniture,245,24504,WD Furniture,,,Wood,Miscellaneous wood,,Non,,Illegal Dumping (o/s targets),,,
,,,,WD Other Items,318,24500,WD Other Items,,,Wood,Miscellaneous wood,,Non,,Non Plastic Refined,,,
,,,,PL Fishing Line (total in m),86,44401,PL Fishing Line (total in m),444,Length Fields,Plastics,Fishing,,Non,,Length category (o/s targets),,,
,,,,PL Nets Square (total in m),87,44402,PL Nets Square (total in m),,,Plastics,Fishing,,Non,,Length category (o/s targets),,,
,,,,PL Rope (total in m),88,44403,PL Rope (total in m),,,Plastics,Fishing,,Non,,Length category (o/s targets),,,
,,,,PL Commercial Line (total in m),90,44404,PL Commercial Line (total in m),,,Plastics,Fishing,,Non,,Length category (o/s targets),,,
,,,,CL Rope Natural (total in m),186,44405,CL Rope Natural (total in m),,,Cloth,Fishing,,Non,,Length category (o/s targets),,,
